timestamp;dVperiodical;dVcompelled;Serial/Compelled;dVsum;date;currentVolume;MaxVolume
1717528194;             ;         3  ;C;3.0;2024-06-04;79875.5;83850.0
1629725746;          3  ;            ;P;3.0;2021-08-23;79875.5;83850.0
1650680675;             ;            ;;0;2022-04-23;79875.5;83850.0
1732044243;          1.5;         3  ;P+C;4.5;2024-11-19;79875.5;83850.0
1691328585;             ;         1.5;C;1.5;2023-08-06;79875.5;83850.0
1718954030;             ;         5  ;C;5.0;2024-06-21;79875.5;83850.0
1658998799;          4  ;         4  ;P+C;8.0;2022-07-28;79875.5;83850.0
1636229701;          5  ;         1.5;P+C;6.5;2021-11-06;79875.5;83850.0
1722690582;             ;         3  ;C;3.0;2024-08-03;79875.5;83850.0
1745245504;             ;            ;;0;2025-04-21;79875.5;83850.0
1716398798;             ;            ;;0;2024-05-22;79875.5;83850.0
1710688801;             ;         4  ;C;4.0;2024-03-17;79875.5;83850.0
1716784184;             ;        21  ;C;21.0;2024-05-27;79875.5;83850.0
1743000115;             ;         1.5;C;1.5;2025-03-26;79875.5;83850.0
1646283387;             ;            ;;0;2022-03-03;79875.5;83850.0
1633497832;             ;         1.5;C;1.5;2021-10-06;79875.5;83850.0
1649388858;             ;         3  ;C;3.0;2022-04-08;79875.5;83850.0
1624090385;          3  ;        12  ;P+C;15.0;2021-06-19;79875.5;83850.0
1672615953;             ;         1.5;C;1.5;2023-01-02;79875.5;83850.0
1702371459;          3  ;         3  ;P+C;6.0;2023-12-12;79875.5;83850.0
1692366424;             ;         4  ;C;4.0;2023-08-18;79875.5;83850.0
1723606835;          3  ;            ;P;3.0;2024-08-14;79875.5;83850.0
1759827680;             ;         4  ;C;4.0;2025-10-07;79875.5;83850.0
1767155060;             ;            ;;0;2025-12-31;79875.5;83850.0
1726383479;             ;         3  ;C;3.0;2024-09-15;79875.5;83850.0
1699731281;             ;         1.5;C;1.5;2023-11-11;79875.5;83850.0
1757921714;          1.5;         3  ;P+C;4.5;2025-09-15;79875.5;83850.0
1721360277;          5  ;         3  ;P+C;8.0;2024-07-19;79875.5;83850.0
1759833377;             ;            ;;0;2025-10-07;79875.5;83850.0
1671874299;          3  ;         3  ;P+C;6.0;2022-12-24;79875.5;83850.0
1688907121;             ;            ;;0;2023-07-09;79875.5;83850.0
1675572108;             ;            ;;0;2023-02-05;79875.5;83850.0
1709195023;             ;         3  ;C;3.0;2024-02-29;79875.5;83850.0
1718443309;             ;         3  ;C;3.0;2024-06-15;79875.5;83850.0
1644472399;             ;         3  ;C;3.0;2022-02-10;79875.5;83850.0
1673690085;             ;         1.5;C;1.5;2023-01-14;79875.5;83850.0
1757694936;          4  ;         4  ;P+C;8.0;2025-09-12;79875.5;83850.0
1698131837;          3  ;         4  ;P+C;7.0;2023-10-24;79875.5;83850.0
1740100578;             ;         3  ;C;3.0;2025-02-21;79875.5;83850.0
1697817309;             ;            ;;0;2023-10-20;79875.5;83850.0
1718209412;             ;            ;;0;2024-06-12;79875.5;83850.0
1642854275;          4  ;         3  ;P+C;7.0;2022-01-22;79875.5;83850.0
1657892933;             ;         3  ;C;3.0;2022-07-15;79875.5;83850.0
1647739396;          4  ;         4  ;P+C;8.0;2022-03-20;79875.5;83850.0
1659733441;             ;         3  ;C;3.0;2022-08-05;79875.5;83850.0
1741740756;             ;         1.5;C;1.5;2025-03-12;79875.5;83850.0
1631428658;             ;         3  ;C;3.0;2021-09-12;79875.5;83850.0
1643539384;             ;         3  ;C;3.0;2022-01-30;79875.5;83850.0
1761479306;             ;         3  ;C;3.0;2025-10-26;79875.5;83850.0
1704465794;             ;         5  ;C;5.0;2024-01-05;79875.5;83850.0
1647807952;             ;            ;;0;2022-03-20;79875.5;83850.0
1637934628;             ;         3  ;C;3.0;2021-11-26;79875.5;83850.0
1624938660;             ;         3  ;C;3.0;2021-06-29;79875.5;83850.0
1762512678;             ;            ;;0;2025-11-07;79875.5;83850.0
1717944778;          3  ;         1.5;P+C;4.5;2024-06-09;79875.5;83850.0
1714867312;          3  ;         3  ;P+C;6.0;2024-05-05;79875.5;83850.0
1733740967;             ;         1.5;C;1.5;2024-12-09;79875.5;83850.0
1763599540;          3  ;        12  ;P+C;15.0;2025-11-20;79875.5;83850.0
1675139122;          4  ;            ;P;4.0;2023-01-31;79875.5;83850.0
1669947103;          3  ;         5  ;P+C;8.0;2022-12-02;79875.5;83850.0
1665902385;          1.5;         3  ;P+C;4.5;2022-10-16;79875.5;83850.0
1703591051;          1.5;            ;P;1.5;2023-12-26;79875.5;83850.0
1692165342;             ;         3  ;C;3.0;2023-08-16;79875.5;83850.0
1700474293;             ;         3  ;C;3.0;2023-11-20;79875.5;83850.0
1759002979;          3  ;            ;P;3.0;2025-09-27;79875.5;83850.0
1709670458;             ;        12  ;C;12.0;2024-03-05;79875.5;83850.0
1641552673;             ;            ;;0;2022-01-07;79875.5;83850.0
1752604487;             ;         4  ;C;4.0;2025-07-15;79875.5;83850.0
1716042126;             ;         4  ;C;4.0;2024-05-18;79875.5;83850.0
1685407460;          1.5;         4  ;P+C;5.5;2023-05-30;79875.5;83850.0
1660994470;             ;            ;;0;2022-08-20;79875.5;83850.0
1696919028;             ;            ;;0;2023-10-10;79875.5;83850.0
1750939990;          4  ;         3  ;P+C;7.0;2025-06-26;79875.5;83850.0
1678846721;             ;         3  ;C;3.0;2023-03-15;79875.5;83850.0
1713393115;          5  ;            ;P;5.0;2024-04-18;79875.5;83850.0
1648450539;          3  ;        15  ;P+C;18.0;2022-03-28;79875.5;83850.0
1657690469;          6  ;         3  ;P+C;9.0;2022-07-13;79875.5;83850.0
1689002091;          1.5;            ;P;1.5;2023-07-10;79875.5;83850.0
1759041019;             ;         4  ;C;4.0;2025-09-28;79875.5;83850.0
1679533177;          3  ;         3  ;P+C;6.0;2023-03-23;79875.5;83850.0
1672498895;             ;            ;;0;2022-12-31;79875.5;83850.0
1637977087;             ;         4  ;C;4.0;2021-11-27;79875.5;83850.0
1712440360;             ;            ;;0;2024-04-06;79875.5;83850.0
1698997891;             ;         3  ;C;3.0;2023-11-03;79875.5;83850.0
1702705491;             ;            ;;0;2023-12-16;79875.5;83850.0
1678468426;          3  ;         3  ;P+C;6.0;2023-03-10;79875.5;83850.0
1636369179;             ;            ;;0;2021-11-08;79875.5;83850.0
1728274628;             ;            ;;0;2024-10-07;79875.5;83850.0
1736174875;             ;         5  ;C;5.0;2025-01-06;79875.5;83850.0
1755273984;             ;            ;;0;2025-08-15;79875.5;83850.0
1665483462;             ;         1.5;C;1.5;2022-10-11;79875.5;83850.0
1700245319;             ;         3  ;C;3.0;2023-11-17;79875.5;83850.0
1636405496;             ;            ;;0;2021-11-08;79875.5;83850.0
1683240366;          1.5;         4  ;P+C;5.5;2023-05-05;79875.5;83850.0
1712384182;         21  ;         1.5;P+C;22.5;2024-04-06;79875.5;83850.0
1648680486;          3  ;        12  ;P+C;15.0;2022-03-31;79875.5;83850.0
1731314359;             ;         3  ;C;3.0;2024-11-11;79875.5;83850.0
1659306383;             ;         3  ;C;3.0;2022-08-01;79875.5;83850.0
1728891062;             ;            ;;0;2024-10-14;79875.5;83850.0
1739197669;         15  ;         3  ;P+C;18.0;2025-02-10;79875.5;83850.0
1639174041;          3  ;         3  ;P+C;6.0;2021-12-10;79875.5;83850.0
1710348187;         13  ;         4  ;P+C;17.0;2024-03-13;79875.5;83850.0
1677860718;             ;            ;;0;2023-03-03;79875.5;83850.0
1761927302;          3  ;            ;P;3.0;2025-10-31;79875.5;83850.0
1626802609;             ;         1.5;C;1.5;2021-07-20;79875.5;83850.0
1648962747;             ;         3  ;C;3.0;2022-04-03;79875.5;83850.0
1633019300;             ;         4  ;C;4.0;2021-09-30;79875.5;83850.0
1759076131;          3  ;            ;P;3.0;2025-09-28;79875.5;83850.0
1663134526;             ;         3  ;C;3.0;2022-09-14;79875.5;83850.0
1694690777;          3  ;         3  ;P+C;6.0;2023-09-14;79875.5;83850.0
1732676780;             ;        10  ;C;10.0;2024-11-27;79875.5;83850.0
1759915489;             ;        12  ;C;12.0;2025-10-08;79875.5;83850.0
1675746230;          5  ;         4  ;P+C;9.0;2023-02-07;79875.5;83850.0
1638422961;             ;         3  ;C;3.0;2021-12-02;79875.5;83850.0
1685158529;             ;            ;;0;2023-05-27;79875.5;83850.0
1659902312;             ;         3  ;C;3.0;2022-08-07;79875.5;83850.0
1696073823;             ;         1.5;C;1.5;2023-09-30;79875.5;83850.0
1749714845;             ;        12  ;C;12.0;2025-06-12;79875.5;83850.0
1739565869;          3  ;        17  ;P+C;20.0;2025-02-14;79875.5;83850.0
1705353613;             ;         3  ;C;3.0;2024-01-15;79875.5;83850.0
1667536170;          3  ;            ;P;3.0;2022-11-04;79875.5;83850.0
1663658592;          3  ;            ;P;3.0;2022-09-20;79875.5;83850.0
1698226532;          1.5;            ;P;1.5;2023-10-25;79875.5;83850.0
1637668928;          4  ;         5.5;P+C;9.5;2021-11-23;79875.5;83850.0
1733203153;             ;         1.5;C;1.5;2024-12-03;79875.5;83850.0
1687083617;             ;         3  ;C;3.0;2023-06-18;79875.5;83850.0
1624773890;             ;            ;;0;2021-06-27;79875.5;83850.0
1767488479;          3  ;        12  ;P+C;15.0;2026-01-04;79875.5;83850.0
1736135934;             ;         3  ;C;3.0;2025-01-06;79875.5;83850.0
1632232179;             ;            ;;0;2021-09-21;79875.5;83850.0
1627322783;             ;         1.5;C;1.5;2021-07-26;79875.5;83850.0
1712247879;             ;            ;;0;2024-04-04;79875.5;83850.0
1630148373;             ;         4  ;C;4.0;2021-08-28;79875.5;83850.0
1745442219;             ;         3  ;C;3.0;2025-04-23;79875.5;83850.0
1627752721;             ;         1.5;C;1.5;2021-07-31;79875.5;83850.0
1643214819;          3  ;            ;P;3.0;2022-01-26;79875.5;83850.0
1652836983;             ;            ;;0;2022-05-18;79875.5;83850.0
1639655094;          3  ;         3  ;P+C;6.0;2021-12-16;79875.5;83850.0
1631335711;             ;         3.5;C;3.5;2021-09-11;79875.5;83850.0
1717155556;             ;         3  ;C;3.0;2024-05-31;79875.5;83850.0
1662084233;             ;            ;;0;2022-09-02;79875.5;83850.0
1721637806;             ;         3  ;C;3.0;2024-07-22;79875.5;83850.0
1683923620;             ;         4  ;C;4.0;2023-05-12;79875.5;83850.0
1716000217;             ;            ;;0;2024-05-18;79875.5;83850.0
1678694947;             ;            ;;0;2023-03-13;79875.5;83850.0
1756502404;             ;            ;;0;2025-08-29;79875.5;83850.0
1661924871;          3  ;            ;P;3.0;2022-08-31;79875.5;83850.0
1732731768;             ;            ;;0;2024-11-27;79875.5;83850.0
1692860139;             ;            ;;0;2023-08-24;79875.5;83850.0
1682933970;             ;            ;;0;2023-05-01;79875.5;83850.0
1670517471;          1.5;         3  ;P+C;4.5;2022-12-08;79875.5;83850.0
1714782278;          1.5;         3  ;P+C;4.5;2024-05-04;79875.5;83850.0
1722245880;             ;         1.5;C;1.5;2024-07-29;79875.5;83850.0
1623291713;             ;         3  ;C;3.0;2021-06-10;79875.5;83850.0
1749720551;             ;         1.5;C;1.5;2025-06-12;79875.5;83850.0
1680465245;          3  ;         4  ;P+C;7.0;2023-04-02;79875.5;83850.0
1707021802;             ;         1.5;C;1.5;2024-02-04;79875.5;83850.0
1762425921;             ;            ;;0;2025-11-06;79875.5;83850.0
1752020328;             ;         3  ;C;3.0;2025-07-09;79875.5;83850.0
1691197178;             ;         3  ;C;3.0;2023-08-05;79875.5;83850.0
1694500790;             ;        21  ;C;21.0;2023-09-12;79875.5;83850.0
1709733319;             ;            ;;0;2024-03-06;79875.5;83850.0
1763315559;         16  ;         3  ;P+C;19.0;2025-11-16;79875.5;83850.0
1662257227;         11  ;         1.5;P+C;12.5;2022-09-04;79875.5;83850.0
1680649661;             ;         1.5;C;1.5;2023-04-05;79875.5;83850.0
1672872175;             ;         3  ;C;3.0;2023-01-04;79875.5;83850.0
1747625570;             ;        12  ;C;12.0;2025-05-19;79875.5;83850.0
1741205257;             ;         3  ;C;3.0;2025-03-05;79875.5;83850.0
1736706391;          4  ;         3  ;P+C;7.0;2025-01-12;79875.5;83850.0
1658750287;             ;         1.5;C;1.5;2022-07-25;79875.5;83850.0
1664687916;          3  ;         3  ;P+C;6.0;2022-10-02;79875.5;83850.0
1709022587;          5  ;        18  ;P+C;23.0;2024-02-27;79875.5;83850.0
1689311691;          3  ;         1.5;P+C;4.5;2023-07-14;79875.5;83850.0
1712109155;             ;         3  ;C;3.0;2024-04-03;79875.5;83850.0
1723688079;             ;            ;;0;2024-08-15;79875.5;83850.0
1650117305;             ;         3  ;C;3.0;2022-04-16;79875.5;83850.0
1624467380;          3  ;            ;P;3.0;2021-06-23;79875.5;83850.0
1723074918;             ;            ;;0;2024-08-08;79875.5;83850.0
1703404498;             ;         6  ;C;6.0;2023-12-24;79875.5;83850.0
1684977612;             ;         4  ;C;4.0;2023-05-25;79875.5;83850.0
1687123143;             ;         3  ;C;3.0;2023-06-18;79875.5;83850.0
1689910760;             ;         4  ;C;4.0;2023-07-21;79875.5;83850.0
1691592736;             ;         1.5;C;1.5;2023-08-09;79875.5;83850.0
1760740459;             ;         3  ;C;3.0;2025-10-18;79875.5;83850.0
1689002529;          4  ;         3  ;P+C;7.0;2023-07-10;79875.5;83850.0
1716862278;          3  ;         4  ;P+C;7.0;2024-05-28;79875.5;83850.0
1721975304;             ;            ;;0;2024-07-26;79875.5;83850.0
1684756620;             ;         3  ;C;3.0;2023-05-22;79875.5;83850.0
1631628543;          3  ;        14  ;P+C;17.0;2021-09-14;79875.5;83850.0
1625376634;             ;         3  ;C;3.0;2021-07-04;79875.5;83850.0
1741512612;          3  ;            ;P;3.0;2025-03-09;79875.5;83850.0
1623432538;             ;        12  ;C;12.0;2021-06-11;79875.5;83850.0
1703763626;             ;         4  ;C;4.0;2023-12-28;79875.5;83850.0
1706513821;          3  ;         4  ;P+C;7.0;2024-01-29;79875.5;83850.0
1761040938;             ;         1.5;C;1.5;2025-10-21;79875.5;83850.0
1663412878;          3  ;            ;P;3.0;2022-09-17;79875.5;83850.0
1744878771;             ;         3  ;C;3.0;2025-04-17;79875.5;83850.0
1757958981;          3  ;        13  ;P+C;16.0;2025-09-15;79875.5;83850.0
1630749455;             ;            ;;0;2021-09-04;79875.5;83850.0
1729626884;             ;         4  ;C;4.0;2024-10-22;79875.5;83850.0
1692787987;             ;         5  ;C;5.0;2023-08-23;79875.5;83850.0
1685165024;             ;            ;;0;2023-05-27;79875.5;83850.0
1632664528;             ;         5.5;C;5.5;2021-09-26;79875.5;83850.0
1650242209;         13  ;         4  ;P+C;17.0;2022-04-18;79875.5;83850.0
1704015746;          3  ;         4  ;P+C;7.0;2023-12-31;79875.5;83850.0
1742133738;             ;            ;;0;2025-03-16;79875.5;83850.0
1686002260;             ;         3  ;C;3.0;2023-06-05;79875.5;83850.0
1638468005;             ;            ;;0;2021-12-02;79875.5;83850.0
1712035174;             ;         3  ;C;3.0;2024-04-02;79875.5;83850.0
1633856685;             ;            ;;0;2021-10-10;79875.5;83850.0
1718159580;          1.5;            ;P;1.5;2024-06-12;79875.5;83850.0
1688300123;          5  ;         3  ;P+C;8.0;2023-07-02;79875.5;83850.0
1637467014;             ;         3  ;C;3.0;2021-11-21;79875.5;83850.0
1743866998;             ;            ;;0;2025-04-05;79875.5;83850.0
1682011858;             ;         1.5;C;1.5;2023-04-20;79875.5;83850.0
1655601991;             ;         4  ;C;4.0;2022-06-19;79875.5;83850.0
1666318012;          3  ;         3  ;P+C;6.0;2022-10-21;79875.5;83850.0
1767221871;             ;         3  ;C;3.0;2025-12-31;79875.5;83850.0
1736465959;          3  ;            ;P;3.0;2025-01-10;79875.5;83850.0
1763337690;             ;         3  ;C;3.0;2025-11-17;79875.5;83850.0
1667936065;             ;         3  ;C;3.0;2022-11-08;79875.5;83850.0
1662939528;             ;         3  ;C;3.0;2022-09-12;79875.5;83850.0
1676733060;          3  ;            ;P;3.0;2023-02-18;79875.5;83850.0
1658966290;             ;         4  ;C;4.0;2022-07-28;79875.5;83850.0
1711205938;             ;         1.5;C;1.5;2024-03-23;79875.5;83850.0
1681797505;          3  ;         1.5;P+C;4.5;2023-04-18;79875.5;83850.0
1643386202;             ;            ;;0;2022-01-28;79875.5;83850.0
1693131437;             ;            ;;0;2023-08-27;79875.5;83850.0
1697180342;             ;            ;;0;2023-10-13;79875.5;83850.0
1740704488;             ;         3  ;C;3.0;2025-02-28;79875.5;83850.0
1740370346;             ;            ;;0;2025-02-24;79875.5;83850.0
1714800153;             ;         3  ;C;3.0;2024-05-04;79875.5;83850.0
1627888641;             ;         3  ;C;3.0;2021-08-02;79875.5;83850.0
1756114491;          5  ;            ;P;5.0;2025-08-25;79875.5;83850.0
1756099533;          3  ;         3  ;P+C;6.0;2025-08-25;79875.5;83850.0
1671201018;             ;        21  ;C;21.0;2022-12-16;79875.5;83850.0
1642896740;             ;         3  ;C;3.0;2022-01-23;79875.5;83850.0
1633504605;             ;         4  ;C;4.0;2021-10-06;79875.5;83850.0
1686349042;             ;            ;;0;2023-06-10;79875.5;83850.0
1668228365;          3  ;            ;P;3.0;2022-11-12;79875.5;83850.0
1745079368;             ;            ;;0;2025-04-19;79875.5;83850.0
1672145553;             ;         4  ;C;4.0;2022-12-27;79875.5;83850.0
1674282567;          4.5;         3  ;P+C;7.5;2023-01-21;79875.5;83850.0
1747996258;             ;         3  ;C;3.0;2025-05-23;79875.5;83850.0
1718708238;             ;            ;;0;2024-06-18;79875.5;83850.0
1678367156;          5  ;            ;P;5.0;2023-03-09;79875.5;83850.0
1694231147;          3  ;         3  ;P+C;6.0;2023-09-09;79875.5;83850.0
1757733315;             ;         3  ;C;3.0;2025-09-13;79875.5;83850.0
1628693675;             ;            ;;0;2021-08-11;79875.5;83850.0
1686701474;             ;         3  ;C;3.0;2023-06-14;79875.5;83850.0
1708155379;             ;         3  ;C;3.0;2024-02-17;79875.5;83850.0
1759369023;             ;         3  ;C;3.0;2025-10-02;79875.5;83850.0
1628929977;          1.5;         3  ;P+C;4.5;2021-08-14;79875.5;83850.0
1729195521;             ;            ;;0;2024-10-17;79875.5;83850.0
1736476642;          3  ;         3  ;P+C;6.0;2025-01-10;79875.5;83850.0
1719206342;             ;         3  ;C;3.0;2024-06-24;79875.5;83850.0
1679864122;             ;         1.5;C;1.5;2023-03-26;79875.5;83850.0
1745256350;          3  ;         3  ;P+C;6.0;2025-04-21;79875.5;83850.0
1665560927;             ;            ;;0;2022-10-12;79875.5;83850.0
1660611943;             ;         3  ;C;3.0;2022-08-16;79875.5;83850.0
1735749321;          6  ;         3  ;P+C;9.0;2025-01-01;79875.5;83850.0
1742475172;             ;            ;;0;2025-03-20;79875.5;83850.0
1654430726;             ;            ;;0;2022-06-05;79875.5;83850.0
1713053648;             ;         3  ;C;3.0;2024-04-14;79875.5;83850.0
1720194086;          3  ;         1.5;P+C;4.5;2024-07-05;79875.5;83850.0
1625037105;             ;            ;;0;2021-06-30;79875.5;83850.0
1654923613;             ;            ;;0;2022-06-11;79875.5;83850.0
1752017838;             ;        16  ;C;16.0;2025-07-09;79875.5;83850.0
1645285433;             ;            ;;0;2022-02-19;79875.5;83850.0
1712590379;             ;         3  ;C;3.0;2024-04-08;79875.5;83850.0
1672905421;             ;         3  ;C;3.0;2023-01-05;79875.5;83850.0
1656632592;          1.5;         3  ;P+C;4.5;2022-07-01;79875.5;83850.0
1628114520;             ;         3  ;C;3.0;2021-08-05;79875.5;83850.0
1727707114;             ;        18  ;C;18.0;2024-09-30;79875.5;83850.0
1659424130;             ;         3  ;C;3.0;2022-08-02;79875.5;83850.0
1712602196;          4  ;         3  ;P+C;7.0;2024-04-08;79875.5;83850.0
1633851240;          3  ;         3  ;P+C;6.0;2021-10-10;79875.5;83850.0
1658330478;             ;         3  ;C;3.0;2022-07-20;79875.5;83850.0
1635947981;             ;            ;;0;2021-11-03;79875.5;83850.0
1638418394;             ;         4  ;C;4.0;2021-12-02;79875.5;83850.0
1753573221;             ;         9.5;C;9.5;2025-07-27;79875.5;83850.0
1669003055;             ;         1.5;C;1.5;2022-11-21;79875.5;83850.0
1683203982;             ;         4  ;C;4.0;2023-05-04;79875.5;83850.0
1748564965;             ;         1.5;C;1.5;2025-05-30;79875.5;83850.0
1668063554;             ;            ;;0;2022-11-10;79875.5;83850.0
1754012406;          3  ;         3  ;P+C;6.0;2025-08-01;79875.5;83850.0
1717805150;             ;         1.5;C;1.5;2024-06-08;79875.5;83850.0
1710089313;          1.5;         3  ;P+C;4.5;2024-03-10;79875.5;83850.0
1643553576;             ;         3  ;C;3.0;2022-01-30;79875.5;83850.0
1752204775;             ;         5  ;C;5.0;2025-07-11;79875.5;83850.0
1671365806;          3  ;         3  ;P+C;6.0;2022-12-18;79875.5;83850.0
1701120110;             ;         4  ;C;4.0;2023-11-27;79875.5;83850.0
1671143401;             ;         1.5;C;1.5;2022-12-15;79875.5;83850.0
1726394014;             ;            ;;0;2024-09-15;79875.5;83850.0
1687040658;             ;         3  ;C;3.0;2023-06-18;79875.5;83850.0
1726634782;             ;         4  ;C;4.0;2024-09-18;79875.5;83850.0
1660191974;          4  ;         3  ;P+C;7.0;2022-08-11;79875.5;83850.0
1703993940;          1.5;            ;P;1.5;2023-12-31;79875.5;83850.0
1664465091;          3  ;         1.5;P+C;4.5;2022-09-29;79875.5;83850.0
1690483648;             ;            ;;0;2023-07-27;79875.5;83850.0
1676828111;             ;         3  ;C;3.0;2023-02-19;79875.5;83850.0
1685220933;             ;         4  ;C;4.0;2023-05-27;79875.5;83850.0
1689847126;             ;         3  ;C;3.0;2023-07-20;79875.5;83850.0
1702762677;             ;         4  ;C;4.0;2023-12-16;79875.5;83850.0
1735986237;             ;        14  ;C;14.0;2025-01-04;79875.5;83850.0
1760099739;         16  ;            ;P;16.0;2025-10-10;79875.5;83850.0
1638336931;             ;         3  ;C;3.0;2021-12-01;79875.5;83850.0
1625049357;             ;         5  ;C;5.0;2021-06-30;79875.5;83850.0
1749477208;             ;            ;;0;2025-06-09;79875.5;83850.0
1644513640;          3  ;         3  ;P+C;6.0;2022-02-10;79875.5;83850.0
1713710920;             ;         1.5;C;1.5;2024-04-21;79875.5;83850.0
1664655709;          3  ;            ;P;3.0;2022-10-01;79875.5;83850.0
1728356002;             ;         3  ;C;3.0;2024-10-08;79875.5;83850.0
1763344565;          3  ;         3  ;P+C;6.0;2025-11-17;79875.5;83850.0
1731775604;             ;        21  ;C;21.0;2024-11-16;79875.5;83850.0
1642235304;             ;        14  ;C;14.0;2022-01-15;79875.5;83850.0
1744061136;             ;         3  ;C;3.0;2025-04-07;79875.5;83850.0
1629105991;             ;         4  ;C;4.0;2021-08-16;79875.5;83850.0
1692853814;             ;         3  ;C;3.0;2023-08-24;79875.5;83850.0
1652366137;             ;         3  ;C;3.0;2022-05-12;79875.5;83850.0
1704409449;             ;         1.5;C;1.5;2024-01-05;79875.5;83850.0
1716964869;             ;         3  ;C;3.0;2024-05-29;79875.5;83850.0
1655106906;             ;            ;;0;2022-06-13;79875.5;83850.0
1634479471;          1.5;        12  ;P+C;13.5;2021-10-17;79875.5;83850.0
1679857638;             ;            ;;0;2023-03-26;79875.5;83850.0
1665464202;          4  ;         3  ;P+C;7.0;2022-10-11;79875.5;83850.0
1693669049;             ;            ;;0;2023-09-02;79875.5;83850.0
1625675809;             ;            ;;0;2021-07-07;79875.5;83850.0
1749973340;             ;        12  ;C;12.0;2025-06-15;79875.5;83850.0
1753905451;             ;            ;;0;2025-07-30;79875.5;83850.0
1763789242;             ;        13  ;C;13.0;2025-11-22;79875.5;83850.0
1691131374;          1.5;         3  ;P+C;4.5;2023-08-04;79875.5;83850.0
1705715600;             ;            ;;0;2024-01-20;79875.5;83850.0
1655518762;             ;         4.5;C;4.5;2022-06-18;79875.5;83850.0
1690496843;             ;            ;;0;2023-07-28;79875.5;83850.0
1716006654;             ;        11  ;C;11.0;2024-05-18;79875.5;83850.0
1757750291;             ;         3  ;C;3.0;2025-09-13;79875.5;83850.0
1758429480;             ;         4  ;C;4.0;2025-09-21;79875.5;83850.0
1685386349;             ;         3  ;C;3.0;2023-05-29;79875.5;83850.0
1698562057;             ;        15  ;C;15.0;2023-10-29;79875.5;83850.0
1702261768;             ;         3  ;C;3.0;2023-12-11;79875.5;83850.0
1692820246;             ;            ;;0;2023-08-23;79875.5;83850.0
1634772048;          3  ;         3  ;P+C;6.0;2021-10-21;79875.5;83850.0
1643821753;             ;         3  ;C;3.0;2022-02-02;79875.5;83850.0
1763246367;             ;         1.5;C;1.5;2025-11-15;79875.5;83850.0
1718702271;             ;         3  ;C;3.0;2024-06-18;79875.5;83850.0
1701230986;             ;         3  ;C;3.0;2023-11-29;79875.5;83850.0
1694634710;             ;         3  ;C;3.0;2023-09-13;79875.5;83850.0
1762732268;          3  ;         3  ;P+C;6.0;2025-11-10;79875.5;83850.0
1645424201;             ;         3  ;C;3.0;2022-02-21;79875.5;83850.0
1746477071;             ;         3  ;C;3.0;2025-05-05;79875.5;83850.0
1634144800;          3  ;         3  ;P+C;6.0;2021-10-13;79875.5;83850.0
1767141812;             ;         4  ;C;4.0;2025-12-31;79875.5;83850.0
1650632829;             ;            ;;0;2022-04-22;79875.5;83850.0
1645440779;             ;         3  ;C;3.0;2022-02-21;79875.5;83850.0
1634098797;             ;         3  ;C;3.0;2021-10-13;79875.5;83850.0
1702195985;             ;         3  ;C;3.0;2023-12-10;79875.5;83850.0
1738674870;             ;         4  ;C;4.0;2025-02-04;79875.5;83850.0
1656579549;             ;            ;;0;2022-06-30;79875.5;83850.0
1640643571;             ;            ;;0;2021-12-27;79875.5;83850.0
1694908243;             ;         3  ;C;3.0;2023-09-17;79875.5;83850.0
1677501579;         11  ;         3  ;P+C;14.0;2023-02-27;79875.5;83850.0
1651170063;             ;            ;;0;2022-04-28;79875.5;83850.0
1745475979;             ;        13  ;C;13.0;2025-04-24;79875.5;83850.0
1677862630;             ;         3  ;C;3.0;2023-03-03;79875.5;83850.0
1630537828;             ;            ;;0;2021-09-02;79875.5;83850.0
1752089517;             ;         4  ;C;4.0;2025-07-09;79875.5;83850.0
1699338675;             ;        11  ;C;11.0;2023-11-07;79875.5;83850.0
1631857329;             ;         3  ;C;3.0;2021-09-17;79875.5;83850.0
1710073111;          1.5;         3  ;P+C;4.5;2024-03-10;79875.5;83850.0
1705167947;             ;            ;;0;2024-01-13;79875.5;83850.0
1767851337;             ;         3  ;C;3.0;2026-01-08;79875.5;83850.0
1650869787;             ;        12  ;C;12.0;2022-04-25;79875.5;83850.0
1763721358;             ;         5.5;C;5.5;2025-11-21;79875.5;83850.0
1741584945;          3  ;            ;P;3.0;2025-03-10;79875.5;83850.0
1639971679;             ;         3  ;C;3.0;2021-12-20;79875.5;83850.0
1636315542;             ;         3  ;C;3.0;2021-11-07;79875.5;83850.0
1724250625;          1.5;         1.5;P+C;3.0;2024-08-21;79875.5;83850.0
1759514838;             ;         9.5;C;9.5;2025-10-03;79875.5;83850.0
1712728840;             ;         3  ;C;3.0;2024-04-10;79875.5;83850.0
1688023231;             ;         5  ;C;5.0;2023-06-29;79875.5;83850.0
1663405523;             ;         4  ;C;4.0;2022-09-17;79875.5;83850.0
1684656291;          3  ;         5  ;P+C;8.0;2023-05-21;79875.5;83850.0
1703620087;         12  ;         3  ;P+C;15.0;2023-12-26;79875.5;83850.0
1690895869;             ;        22  ;C;22.0;2023-08-01;79875.5;83850.0
1633774790;             ;            ;;0;2021-10-09;79875.5;83850.0
1638140103;             ;         1.5;C;1.5;2021-11-28;79875.5;83850.0
1708572048;             ;        10  ;C;10.0;2024-02-22;79875.5;83850.0
1751412166;             ;         1.5;C;1.5;2025-07-02;79875.5;83850.0
1688753806;          3  ;         3  ;P+C;6.0;2023-07-07;79875.5;83850.0
1727044602;          5.5;         5  ;P+C;10.5;2024-09-23;79875.5;83850.0
1713360382;             ;         4  ;C;4.0;2024-04-17;79875.5;83850.0
1748566291;             ;            ;;0;2025-05-30;79875.5;83850.0
1762822125;          1.5;         4  ;P+C;5.5;2025-11-11;79875.5;83850.0
1633261080;          4  ;        13  ;P+C;17.0;2021-10-03;79875.5;83850.0
1623113655;          4.5;            ;P;4.5;2021-06-08;79875.5;83850.0
1657493326;             ;            ;;0;2022-07-11;79875.5;83850.0
1745656473;             ;         5  ;C;5.0;2025-04-26;79875.5;83850.0
1647685663;          4  ;         1.5;P+C;5.5;2022-03-19;79875.5;83850.0
1636576069;          4  ;            ;P;4.0;2021-11-10;79875.5;83850.0
1668083021;             ;         3  ;C;3.0;2022-11-10;79875.5;83850.0
1628655134;             ;         3  ;C;3.0;2021-08-11;79875.5;83850.0
1758509319;          3  ;            ;P;3.0;2025-09-22;79875.5;83850.0
1728034496;             ;         4  ;C;4.0;2024-10-04;79875.5;83850.0
1740091458;             ;         1.5;C;1.5;2025-02-20;79875.5;83850.0
1705458268;             ;            ;;0;2024-01-17;79875.5;83850.0
1658893527;             ;            ;;0;2022-07-27;79875.5;83850.0
1627371607;          3  ;         1.5;P+C;4.5;2021-07-27;79875.5;83850.0
1766993246;             ;        10  ;C;10.0;2025-12-29;79875.5;83850.0
1710644165;             ;         4  ;C;4.0;2024-03-17;79875.5;83850.0
1714714883;             ;         3  ;C;3.0;2024-05-03;79875.5;83850.0
1634383335;             ;         3  ;C;3.0;2021-10-16;79875.5;83850.0
1630338324;          3  ;         3  ;P+C;6.0;2021-08-30;79875.5;83850.0
1640983196;             ;         3  ;C;3.0;2021-12-31;79875.5;83850.0
1696945687;          4  ;        14  ;P+C;18.0;2023-10-10;79875.5;83850.0
1754896100;             ;        13  ;C;13.0;2025-08-11;79875.5;83850.0
1692937440;             ;         3  ;C;3.0;2023-08-25;79875.5;83850.0
1699118576;             ;         3  ;C;3.0;2023-11-04;79875.5;83850.0
1670702474;             ;         3  ;C;3.0;2022-12-10;79875.5;83850.0
1748748622;             ;         3  ;C;3.0;2025-06-01;79875.5;83850.0
1713032512;             ;            ;;0;2024-04-13;79875.5;83850.0
1737709577;             ;         4  ;C;4.0;2025-01-24;79875.5;83850.0
1763461973;             ;            ;;0;2025-11-18;79875.5;83850.0
1718042329;          1.5;         3  ;P+C;4.5;2024-06-10;79875.5;83850.0
1724799735;             ;         4  ;C;4.0;2024-08-28;79875.5;83850.0
1662484873;             ;         1.5;C;1.5;2022-09-06;79875.5;83850.0
1709765486;             ;            ;;0;2024-03-06;79875.5;83850.0
1728380372;             ;         3  ;C;3.0;2024-10-08;79875.5;83850.0
1694569883;             ;         3  ;C;3.0;2023-09-13;79875.5;83850.0
1652236094;             ;         4  ;C;4.0;2022-05-11;79875.5;83850.0
1633462196;          5  ;         3  ;P+C;8.0;2021-10-05;79875.5;83850.0
1708552151;             ;            ;;0;2024-02-21;79875.5;83850.0
1698861663;             ;         3  ;C;3.0;2023-11-01;79875.5;83850.0
1697249117;             ;            ;;0;2023-10-14;79875.5;83850.0
1694255393;             ;         4  ;C;4.0;2023-09-09;79875.5;83850.0
1709009221;          3  ;         3  ;P+C;6.0;2024-02-27;79875.5;83850.0
1687055559;          3  ;            ;P;3.0;2023-06-18;79875.5;83850.0
1710758371;             ;         3  ;C;3.0;2024-03-18;79875.5;83850.0
1685877679;             ;            ;;0;2023-06-04;79875.5;83850.0
1657734318;             ;         5.5;C;5.5;2022-07-13;79875.5;83850.0
1658197139;             ;            ;;0;2022-07-19;79875.5;83850.0
1728239785;             ;         3  ;C;3.0;2024-10-06;79875.5;83850.0
1711255719;             ;         4  ;C;4.0;2024-03-24;79875.5;83850.0
1689043601;             ;         3  ;C;3.0;2023-07-11;79875.5;83850.0
1698433458;             ;         3  ;C;3.0;2023-10-27;79875.5;83850.0
1633249437;             ;         3  ;C;3.0;2021-10-03;79875.5;83850.0
1734122123;          1.5;            ;P;1.5;2024-12-13;79875.5;83850.0
1628461157;             ;         5.5;C;5.5;2021-08-09;79875.5;83850.0
1642094093;             ;            ;;0;2022-01-13;79875.5;83850.0
1684497238;          3  ;         3  ;P+C;6.0;2023-05-19;79875.5;83850.0
1688494561;             ;            ;;0;2023-07-04;79875.5;83850.0
1634293459;          3  ;         5  ;P+C;8.0;2021-10-15;79875.5;83850.0
1686626296;             ;         1.5;C;1.5;2023-06-13;79875.5;83850.0
1681645259;          3  ;         4  ;P+C;7.0;2023-04-16;79875.5;83850.0
1714622412;          4.5;            ;P;4.5;2024-05-02;79875.5;83850.0
1651801322;             ;         1.5;C;1.5;2022-05-06;79875.5;83850.0
1731022042;             ;        11  ;C;11.0;2024-11-08;79875.5;83850.0
1667536531;             ;         3  ;C;3.0;2022-11-04;79875.5;83850.0
1762577727;             ;            ;;0;2025-11-08;79875.5;83850.0
1629201022;         15  ;            ;P;15.0;2021-08-17;79875.5;83850.0
1639407116;             ;         3  ;C;3.0;2021-12-13;79875.5;83850.0
1636263878;             ;            ;;0;2021-11-07;79875.5;83850.0
1735829712;          3  ;         4.5;P+C;7.5;2025-01-02;79875.5;83850.0
1643066130;             ;         4  ;C;4.0;2022-01-25;79875.5;83850.0
1703847081;             ;         4  ;C;4.0;2023-12-29;79875.5;83850.0
1654167209;             ;            ;;0;2022-06-02;79875.5;83850.0
1695528494;             ;         1.5;C;1.5;2023-09-24;79875.5;83850.0
1744052974;             ;         3  ;C;3.0;2025-04-07;79875.5;83850.0
1650090775;             ;         3  ;C;3.0;2022-04-16;79875.5;83850.0
1750042816;          3  ;         3  ;P+C;6.0;2025-06-16;79875.5;83850.0
1730914585;             ;         3  ;C;3.0;2024-11-06;79875.5;83850.0
1749187673;             ;        12  ;C;12.0;2025-06-06;79875.5;83850.0
1700129470;             ;         3  ;C;3.0;2023-11-16;79875.5;83850.0
1704936937;          3  ;         3  ;P+C;6.0;2024-01-11;79875.5;83850.0
1668218465;             ;            ;;0;2022-11-12;79875.5;83850.0
1627145329;             ;            ;;0;2021-07-24;79875.5;83850.0
1702299121;          3  ;            ;P;3.0;2023-12-11;79875.5;83850.0
1642047186;             ;         3  ;C;3.0;2022-01-13;79875.5;83850.0
1705050680;          3  ;         3  ;P+C;6.0;2024-01-12;79875.5;83850.0
1703766706;             ;         1.5;C;1.5;2023-12-28;79875.5;83850.0
1650792185;             ;         1.5;C;1.5;2022-04-24;79875.5;83850.0
1720694348;             ;         3  ;C;3.0;2024-07-11;79875.5;83850.0
1671579228;             ;         3  ;C;3.0;2022-12-21;79875.5;83850.0
1756312811;          1.5;         1.5;P+C;3.0;2025-08-27;79875.5;83850.0
1733725793;          3  ;        16  ;P+C;19.0;2024-12-09;79875.5;83850.0
1661728901;             ;         3  ;C;3.0;2022-08-29;79875.5;83850.0
1715987259;             ;            ;;0;2024-05-18;79875.5;83850.0
1678078945;          3  ;         3  ;P+C;6.0;2023-03-06;79875.5;83850.0
1723261668;             ;         3  ;C;3.0;2024-08-10;79875.5;83850.0
1640410921;          3  ;            ;P;3.0;2021-12-25;79875.5;83850.0
1727090198;             ;            ;;0;2024-09-23;79875.5;83850.0
1760209068;             ;            ;;0;2025-10-11;79875.5;83850.0
1741584611;             ;         4  ;C;4.0;2025-03-10;79875.5;83850.0
1752879888;             ;         3  ;C;3.0;2025-07-19;79875.5;83850.0
1647504548;             ;         3  ;C;3.0;2022-03-17;79875.5;83850.0
1676327669;             ;            ;;0;2023-02-13;79875.5;83850.0
1647974375;          3  ;         3  ;P+C;6.0;2022-03-22;79875.5;83850.0
1679749277;             ;         3  ;C;3.0;2023-03-25;79875.5;83850.0
1751539514;             ;            ;;0;2025-07-03;79875.5;83850.0
1745394055;             ;         1.5;C;1.5;2025-04-23;79875.5;83850.0
1719685576;             ;            ;;0;2024-06-29;79875.5;83850.0
1646384226;             ;         3  ;C;3.0;2022-03-04;79875.5;83850.0
1759978351;             ;            ;;0;2025-10-09;79875.5;83850.0
1718943063;             ;         3  ;C;3.0;2024-06-21;79875.5;83850.0
1660316666;             ;            ;;0;2022-08-12;79875.5;83850.0
1766125510;          3  ;         4  ;P+C;7.0;2025-12-19;79875.5;83850.0
1726453147;             ;            ;;0;2024-09-16;79875.5;83850.0
1669123061;             ;            ;;0;2022-11-22;79875.5;83850.0
1710441996;          3  ;            ;P;3.0;2024-03-14;79875.5;83850.0
1726685156;             ;         1.5;C;1.5;2024-09-18;79875.5;83850.0
1680031468;             ;            ;;0;2023-03-28;79875.5;83850.0
1656790867;          3  ;         3  ;P+C;6.0;2022-07-02;79875.5;83850.0
1756546709;             ;            ;;0;2025-08-30;79875.5;83850.0
1690721558;          3  ;         1.5;P+C;4.5;2023-07-30;79875.5;83850.0
1731137188;             ;         3  ;C;3.0;2024-11-09;79875.5;83850.0
1713705347;             ;            ;;0;2024-04-21;79875.5;83850.0
1661419189;             ;         4.5;C;4.5;2022-08-25;79875.5;83850.0
1695567236;             ;         3  ;C;3.0;2023-09-24;79875.5;83850.0
1637040487;             ;            ;;0;2021-11-16;79875.5;83850.0
1724551318;             ;            ;;0;2024-08-25;79875.5;83850.0
1721444901;             ;         1.5;C;1.5;2024-07-20;79875.5;83850.0
1631260407;          3  ;         4  ;P+C;7.0;2021-09-10;79875.5;83850.0
1646072087;             ;            ;;0;2022-02-28;79875.5;83850.0
1688747745;          3  ;        13  ;P+C;16.0;2023-07-07;79875.5;83850.0
1668090391;             ;         1.5;C;1.5;2022-11-10;79875.5;83850.0
1656712460;             ;         3  ;C;3.0;2022-07-01;79875.5;83850.0
1705762475;             ;            ;;0;2024-01-20;79875.5;83850.0
1702531935;             ;            ;;0;2023-12-14;79875.5;83850.0
1720380243;             ;            ;;0;2024-07-07;79875.5;83850.0
1670873461;             ;            ;;0;2022-12-12;79875.5;83850.0
1740762204;          1.5;         3  ;P+C;4.5;2025-02-28;79875.5;83850.0
1716037387;             ;         3  ;C;3.0;2024-05-18;79875.5;83850.0
1709314561;             ;         3  ;C;3.0;2024-03-01;79875.5;83850.0
1706405880;             ;         1.5;C;1.5;2024-01-28;79875.5;83850.0
1667641138;          3  ;         3  ;P+C;6.0;2022-11-05;79875.5;83850.0
1644071320;             ;            ;;0;2022-02-05;79875.5;83850.0
1685652307;             ;         3  ;C;3.0;2023-06-01;79875.5;83850.0
1664965104;             ;        22  ;C;22.0;2022-10-05;79875.5;83850.0
1648241006;             ;         3  ;C;3.0;2022-03-25;79875.5;83850.0
1664037950;             ;        13  ;C;13.0;2022-09-24;79875.5;83850.0
1665169840;             ;        10  ;C;10.0;2022-10-07;79875.5;83850.0
1650052625;          4  ;         3  ;P+C;7.0;2022-04-15;79875.5;83850.0
1673187041;             ;         4  ;C;4.0;2023-01-08;79875.5;83850.0
1677435412;             ;         3  ;C;3.0;2023-02-26;79875.5;83850.0
1706695152;             ;            ;;0;2024-01-31;79875.5;83850.0
1717160370;             ;         1.5;C;1.5;2024-05-31;79875.5;83850.0
1703232407;             ;            ;;0;2023-12-22;79875.5;83850.0
1714538503;             ;         4  ;C;4.0;2024-05-01;79875.5;83850.0
1675568751;             ;         1.5;C;1.5;2023-02-05;79875.5;83850.0
1696974882;          3  ;            ;P;3.0;2023-10-10;79875.5;83850.0
1721460068;             ;         3  ;C;3.0;2024-07-20;79875.5;83850.0
1743791534;             ;         3  ;C;3.0;2025-04-04;79875.5;83850.0
1660458320;             ;            ;;0;2022-08-14;79875.5;83850.0
1665812075;             ;            ;;0;2022-10-15;79875.5;83850.0
1685415216;             ;            ;;0;2023-05-30;79875.5;83850.0
1733040621;             ;         5  ;C;5.0;2024-12-01;79875.5;83850.0
1665405995;             ;         1.5;C;1.5;2022-10-10;79875.5;83850.0
1659343562;          1.5;         4  ;P+C;5.5;2022-08-01;79875.5;83850.0
1623155969;             ;        18  ;C;18.0;2021-06-08;79875.5;83850.0
1624959962;             ;         3  ;C;3.0;2021-06-29;79875.5;83850.0
1717492489;             ;            ;;0;2024-06-04;79875.5;83850.0
1693841740;             ;         5  ;C;5.0;2023-09-04;79875.5;83850.0
1660989089;          3  ;         1.5;P+C;4.5;2022-08-20;79875.5;83850.0
1645289241;          3  ;         3  ;P+C;6.0;2022-02-19;79875.5;83850.0
1721165772;             ;         4  ;C;4.0;2024-07-16;79875.5;83850.0
1674428615;          4  ;         1.5;P+C;5.5;2023-01-23;79875.5;83850.0
1706881871;             ;            ;;0;2024-02-02;79875.5;83850.0
1644051530;             ;        10  ;C;10.0;2022-02-05;79875.5;83850.0
1662497236;             ;            ;;0;2022-09-06;79875.5;83850.0
1704513516;          3  ;            ;P;3.0;2024-01-06;79875.5;83850.0
1667900239;             ;         3  ;C;3.0;2022-11-08;79875.5;83850.0
1718387243;             ;            ;;0;2024-06-14;79875.5;83850.0
1727050121;             ;            ;;0;2024-09-23;79875.5;83850.0
1630862836;             ;            ;;0;2021-09-05;79875.5;83850.0
1712850667;             ;         3  ;C;3.0;2024-04-11;79875.5;83850.0
1692412528;          1.5;         3  ;P+C;4.5;2023-08-19;79875.5;83850.0
1748148207;          1.5;            ;P;1.5;2025-05-25;79875.5;83850.0
1680516906;             ;         3  ;C;3.0;2023-04-03;79875.5;83850.0
1645851672;             ;         5  ;C;5.0;2022-02-26;79875.5;83850.0
1678883745;          3  ;            ;P;3.0;2023-03-15;79875.5;83850.0
1751300377;             ;            ;;0;2025-06-30;79875.5;83850.0
1682429666;             ;         3  ;C;3.0;2023-04-25;79875.5;83850.0
1743033189;             ;        10  ;C;10.0;2025-03-27;79875.5;83850.0
1639405191;             ;            ;;0;2021-12-13;79875.5;83850.0
1700068754;             ;         3  ;C;3.0;2023-11-15;79875.5;83850.0
1688887138;             ;            ;;0;2023-07-09;79875.5;83850.0
1741426488;             ;         3  ;C;3.0;2025-03-08;79875.5;83850.0
1754673986;             ;         3  ;C;3.0;2025-08-08;79875.5;83850.0
1722484977;             ;         1.5;C;1.5;2024-08-01;79875.5;83850.0
1636558105;             ;         1.5;C;1.5;2021-11-10;79875.5;83850.0
1666406010;             ;            ;;0;2022-10-22;79875.5;83850.0
1715792025;             ;         1.5;C;1.5;2024-05-15;79875.5;83850.0
1641695710;             ;         5.5;C;5.5;2022-01-09;79875.5;83850.0
1672965890;             ;         5  ;C;5.0;2023-01-06;79875.5;83850.0
1739474935;             ;         3  ;C;3.0;2025-02-13;79875.5;83850.0
1704618871;          3  ;         1.5;P+C;4.5;2024-01-07;79875.5;83850.0
1702560495;             ;         3  ;C;3.0;2023-12-14;79875.5;83850.0
1713441598;             ;         3  ;C;3.0;2024-04-18;79875.5;83850.0
1694749824;          3  ;            ;P;3.0;2023-09-15;79875.5;83850.0
1628701435;             ;        13  ;C;13.0;2021-08-11;79875.5;83850.0
1760541054;             ;         3  ;C;3.0;2025-10-15;79875.5;83850.0
1690017013;             ;         3  ;C;3.0;2023-07-22;79875.5;83850.0
1752788289;             ;         3  ;C;3.0;2025-07-17;79875.5;83850.0
1735147630;             ;            ;;0;2024-12-25;79875.5;83850.0
1671071895;             ;            ;;0;2022-12-15;79875.5;83850.0
1712406945;             ;         1.5;C;1.5;2024-04-06;79875.5;83850.0
1740510625;             ;            ;;0;2025-02-25;79875.5;83850.0
1740740505;          3  ;            ;P;3.0;2025-02-28;79875.5;83850.0
1747166794;             ;         3  ;C;3.0;2025-05-13;79875.5;83850.0
1750949921;             ;            ;;0;2025-06-26;79875.5;83850.0
1755758656;             ;            ;;0;2025-08-21;79875.5;83850.0
1694634648;             ;         3  ;C;3.0;2023-09-13;79875.5;83850.0
1763659918;             ;         5  ;C;5.0;2025-11-20;79875.5;83850.0
1687874652;          6  ;            ;P;6.0;2023-06-27;79875.5;83850.0
1632249887;          4  ;            ;P;4.0;2021-09-21;79875.5;83850.0
1657589600;             ;            ;;0;2022-07-12;79875.5;83850.0
1719415265;             ;         3  ;C;3.0;2024-06-26;79875.5;83850.0
1753096607;          1.5;         4  ;P+C;5.5;2025-07-21;79875.5;83850.0
1718788116;             ;            ;;0;2024-06-19;79875.5;83850.0
1629578154;             ;         5.5;C;5.5;2021-08-21;79875.5;83850.0
1645421877;             ;         1.5;C;1.5;2022-02-21;79875.5;83850.0
1677885384;             ;            ;;0;2023-03-04;79875.5;83850.0
1627328357;          4.5;         1.5;P+C;6.0;2021-07-26;79875.5;83850.0
1737951161;             ;         3  ;C;3.0;2025-01-27;79875.5;83850.0
1703747001;             ;         3  ;C;3.0;2023-12-28;79875.5;83850.0
1693436462;             ;        12  ;C;12.0;2023-08-31;79875.5;83850.0
1767519325;             ;         9.5;C;9.5;2026-01-04;79875.5;83850.0
1645491111;             ;         1.5;C;1.5;2022-02-22;79875.5;83850.0
1737585131;          3  ;         3  ;P+C;6.0;2025-01-22;79875.5;83850.0
1658115590;             ;            ;;0;2022-07-18;79875.5;83850.0
1758148711;             ;         5  ;C;5.0;2025-09-18;79875.5;83850.0
1715068037;          5  ;            ;P;5.0;2024-05-07;79875.5;83850.0
1682161522;             ;         3  ;C;3.0;2023-04-22;79875.5;83850.0
1631617570;             ;         5  ;C;5.0;2021-09-14;79875.5;83850.0
1687271598;             ;            ;;0;2023-06-20;79875.5;83850.0
1689841823;             ;         4  ;C;4.0;2023-07-20;79875.5;83850.0
1651565430;             ;         3  ;C;3.0;2022-05-03;79875.5;83850.0
1689628557;             ;         1.5;C;1.5;2023-07-17;79875.5;83850.0
1664065771;             ;         4  ;C;4.0;2022-09-25;79875.5;83850.0
1739830884;             ;            ;;0;2025-02-17;79875.5;83850.0
1704294845;             ;         1.5;C;1.5;2024-01-03;79875.5;83850.0
1656934483;         14  ;         1.5;P+C;15.5;2022-07-04;79875.5;83850.0
1634552493;          3  ;            ;P;3.0;2021-10-18;79875.5;83850.0
1706748601;          3  ;            ;P;3.0;2024-02-01;79875.5;83850.0
1637926172;          3  ;            ;P;3.0;2021-11-26;79875.5;83850.0
1726934860;          5  ;         3  ;P+C;8.0;2024-09-21;79875.5;83850.0
1638609390;             ;         3  ;C;3.0;2021-12-04;79875.5;83850.0
1635468104;             ;            ;;0;2021-10-29;79875.5;83850.0
1750940522;             ;         5  ;C;5.0;2025-06-26;79875.5;83850.0
1727161812;         19  ;         3  ;P+C;22.0;2024-09-24;79875.5;83850.0
1677468308;             ;         9.5;C;9.5;2023-02-27;79875.5;83850.0
1757045692;             ;         1.5;C;1.5;2025-09-05;79875.5;83850.0
1756253890;          3  ;         3  ;P+C;6.0;2025-08-27;79875.5;83850.0
1742016366;          3  ;         3  ;P+C;6.0;2025-03-15;79875.5;83850.0
1676257564;          3  ;         1.5;P+C;4.5;2023-02-13;79875.5;83850.0
1746533417;             ;         3  ;C;3.0;2025-05-06;79875.5;83850.0
1725003145;             ;            ;;0;2024-08-30;79875.5;83850.0
1765925691;          1.5;            ;P;1.5;2025-12-16;79875.5;83850.0
1755273898;             ;            ;;0;2025-08-15;79875.5;83850.0
1637936430;             ;            ;;0;2021-11-26;79875.5;83850.0
1655700357;          1.5;         4.5;P+C;6.0;2022-06-20;79875.5;83850.0
1681069839;             ;         3  ;C;3.0;2023-04-09;79875.5;83850.0
1726307914;             ;            ;;0;2024-09-14;79875.5;83850.0
1632706412;             ;        14  ;C;14.0;2021-09-27;79875.5;83850.0
1635359837;             ;         3  ;C;3.0;2021-10-27;79875.5;83850.0
1761565481;             ;        11  ;C;11.0;2025-10-27;79875.5;83850.0
1666061407;             ;         3  ;C;3.0;2022-10-18;79875.5;83850.0
1645408576;             ;         3  ;C;3.0;2022-02-21;79875.5;83850.0
1674655764;          1.5;            ;P;1.5;2023-01-25;79875.5;83850.0
1624750256;             ;            ;;0;2021-06-27;79875.5;83850.0
1727241766;             ;         4  ;C;4.0;2024-09-25;79875.5;83850.0
1740034239;             ;            ;;0;2025-02-20;79875.5;83850.0
1739286511;             ;        15  ;C;15.0;2025-02-11;79875.5;83850.0
1763804932;             ;         1.5;C;1.5;2025-11-22;79875.5;83850.0
1739728319;             ;         1.5;C;1.5;2025-02-16;79875.5;83850.0
1756639933;             ;         3  ;C;3.0;2025-08-31;79875.5;83850.0
1740715294;             ;            ;;0;2025-02-28;79875.5;83850.0
1642055487;             ;            ;;0;2022-01-13;79875.5;83850.0
1647712946;             ;            ;;0;2022-03-19;79875.5;83850.0
1721714769;             ;         3  ;C;3.0;2024-07-23;79875.5;83850.0
1730220299;             ;            ;;0;2024-10-29;79875.5;83850.0
1711211961;          1.5;            ;P;1.5;2024-03-23;79875.5;83850.0
1674030383;             ;            ;;0;2023-01-18;79875.5;83850.0
1649210280;             ;         3  ;C;3.0;2022-04-06;79875.5;83850.0
1693344695;             ;         3  ;C;3.0;2023-08-29;79875.5;83850.0
1689043358;             ;         3  ;C;3.0;2023-07-11;79875.5;83850.0
1720452327;             ;         1.5;C;1.5;2024-07-08;79875.5;83850.0
1636232261;             ;            ;;0;2021-11-06;79875.5;83850.0
1748619875;             ;            ;;0;2025-05-30;79875.5;83850.0
1733698155;             ;         3  ;C;3.0;2024-12-08;79875.5;83850.0
1731161637;             ;         5  ;C;5.0;2024-11-09;79875.5;83850.0
1739656852;          1.5;            ;P;1.5;2025-02-15;79875.5;83850.0
1651784119;             ;         5  ;C;5.0;2022-05-05;79875.5;83850.0
1721979591;             ;         1.5;C;1.5;2024-07-26;79875.5;83850.0
1628648021;             ;            ;;0;2021-08-11;79875.5;83850.0
1645330923;          1.5;            ;P;1.5;2022-02-20;79875.5;83850.0
1690968294;          3  ;         1.5;P+C;4.5;2023-08-02;79875.5;83850.0
1649764087;             ;         3  ;C;3.0;2022-04-12;79875.5;83850.0
1743891161;             ;            ;;0;2025-04-06;79875.5;83850.0
1747288660;             ;         3  ;C;3.0;2025-05-15;79875.5;83850.0
1662098065;             ;         3  ;C;3.0;2022-09-02;79875.5;83850.0
1744842290;             ;         3  ;C;3.0;2025-04-17;79875.5;83850.0
1717663974;          3  ;         1.5;P+C;4.5;2024-06-06;79875.5;83850.0
1680715541;          4  ;        15  ;P+C;19.0;2023-04-05;79875.5;83850.0
1636754474;          3  ;         4  ;P+C;7.0;2021-11-12;79875.5;83850.0
1751553607;             ;         3  ;C;3.0;2025-07-03;79875.5;83850.0
1717071884;         22  ;            ;P;22.0;2024-05-30;79875.5;83850.0
1716884210;             ;         5  ;C;5.0;2024-05-28;79875.5;83850.0
1741582467;             ;         4.5;C;4.5;2025-03-10;79875.5;83850.0
1678367158;             ;            ;;0;2023-03-09;79875.5;83850.0
1735876142;             ;            ;;0;2025-01-03;79875.5;83850.0
1711718902;          4  ;         4  ;P+C;8.0;2024-03-29;79875.5;83850.0
1623943010;          3  ;         1.5;P+C;4.5;2021-06-17;79875.5;83850.0
1679465012;             ;        13  ;C;13.0;2023-03-22;79875.5;83850.0
1674725505;             ;         1.5;C;1.5;2023-01-26;79875.5;83850.0
1678991364;             ;         1.5;C;1.5;2023-03-16;79875.5;83850.0
1641523469;             ;         3  ;C;3.0;2022-01-07;79875.5;83850.0
1761540161;             ;         3  ;C;3.0;2025-10-27;79875.5;83850.0
1756695442;          1.5;         3  ;P+C;4.5;2025-09-01;79875.5;83850.0
1635965442;             ;         3  ;C;3.0;2021-11-03;79875.5;83850.0
1646304649;          3  ;         3  ;P+C;6.0;2022-03-03;79875.5;83850.0
1704507677;             ;            ;;0;2024-01-06;79875.5;83850.0
1671576586;             ;         1.5;C;1.5;2022-12-20;79875.5;83850.0
1720138703;          3  ;            ;P;3.0;2024-07-05;79875.5;83850.0
1652914920;             ;         3  ;C;3.0;2022-05-19;79875.5;83850.0
1675751612;             ;            ;;0;2023-02-07;79875.5;83850.0
1745153331;          4  ;            ;P;4.0;2025-04-20;79875.5;83850.0
1679790895;             ;         1.5;C;1.5;2023-03-26;79875.5;83850.0
1674532769;             ;            ;;0;2023-01-24;79875.5;83850.0
1647712439;          3  ;            ;P;3.0;2022-03-19;79875.5;83850.0
1657231371;          1.5;         4.5;P+C;6.0;2022-07-08;79875.5;83850.0
1659437169;             ;            ;;0;2022-08-02;79875.5;83850.0
1630773308;             ;         3  ;C;3.0;2021-09-04;79875.5;83850.0
1705653662;             ;         1.5;C;1.5;2024-01-19;79875.5;83850.0
1664638680;             ;         3  ;C;3.0;2022-10-01;79875.5;83850.0
1748437422;             ;         3  ;C;3.0;2025-05-28;79875.5;83850.0
1624537183;             ;         3  ;C;3.0;2021-06-24;79875.5;83850.0
1704744760;             ;        11  ;C;11.0;2024-01-08;79875.5;83850.0
1761874259;             ;            ;;0;2025-10-31;79875.5;83850.0
1651426749;             ;         3  ;C;3.0;2022-05-01;79875.5;83850.0
1734877629;             ;         3  ;C;3.0;2024-12-22;79875.5;83850.0
1637048112;             ;         4  ;C;4.0;2021-11-16;79875.5;83850.0
1744424830;          3  ;         5  ;P+C;8.0;2025-04-12;79875.5;83850.0
1659761827;             ;         4  ;C;4.0;2022-08-06;79875.5;83850.0
1626112470;          3  ;         3  ;P+C;6.0;2021-07-12;79875.5;83850.0
1676763288;         12  ;         3  ;P+C;15.0;2023-02-19;79875.5;83850.0
1734147118;             ;         3  ;C;3.0;2024-12-14;79875.5;83850.0
1635240673;          4  ;         3  ;P+C;7.0;2021-10-26;79875.5;83850.0
1686443021;             ;        13  ;C;13.0;2023-06-11;79875.5;83850.0
1669478579;             ;         5  ;C;5.0;2022-11-26;79875.5;83850.0
1643863047;             ;         3  ;C;3.0;2022-02-03;79875.5;83850.0
1737920328;             ;         1.5;C;1.5;2025-01-26;79875.5;83850.0
1660484335;             ;            ;;0;2022-08-14;79875.5;83850.0
1628342554;             ;         1.5;C;1.5;2021-08-07;79875.5;83850.0
1639915781;             ;         3  ;C;3.0;2021-12-19;79875.5;83850.0
1709338454;             ;         3  ;C;3.0;2024-03-02;79875.5;83850.0
1698164079;             ;         3  ;C;3.0;2023-10-24;79875.5;83850.0
1693938306;             ;            ;;0;2023-09-05;79875.5;83850.0
1762383600;             ;         1.5;C;1.5;2025-11-06;79875.5;83850.0
1756644818;             ;            ;;0;2025-08-31;79875.5;83850.0
1752516608;          3  ;         3  ;P+C;6.0;2025-07-14;79875.5;83850.0
1698029608;             ;            ;;0;2023-10-23;79875.5;83850.0
1697489515;             ;         3  ;C;3.0;2023-10-16;79875.5;83850.0
1759553841;             ;         1.5;C;1.5;2025-10-04;79875.5;83850.0
1630173239;             ;            ;;0;2021-08-28;79875.5;83850.0
1716736602;             ;         3  ;C;3.0;2024-05-26;79875.5;83850.0
1693405587;             ;         4  ;C;4.0;2023-08-30;79875.5;83850.0
1686553700;             ;            ;;0;2023-06-12;79875.5;83850.0
1728541025;             ;            ;;0;2024-10-10;79875.5;83850.0
1710301346;             ;        12  ;C;12.0;2024-03-13;79875.5;83850.0
1764386740;          3  ;         9.5;P+C;12.5;2025-11-29;79875.5;83850.0
1715447621;             ;         1.5;C;1.5;2024-05-11;79875.5;83850.0
1631415168;             ;            ;;0;2021-09-12;79875.5;83850.0
1741769348;             ;            ;;0;2025-03-12;79875.5;83850.0
1630727290;             ;            ;;0;2021-09-04;79875.5;83850.0
1759847216;             ;         4  ;C;4.0;2025-10-07;79875.5;83850.0
1694216501;          3  ;         1.5;P+C;4.5;2023-09-09;79875.5;83850.0
1759950888;          1.5;         3  ;P+C;4.5;2025-10-08;79875.5;83850.0
1663375444;          3  ;         1.5;P+C;4.5;2022-09-17;79875.5;83850.0
1697169408;             ;         3  ;C;3.0;2023-10-13;79875.5;83850.0
1630254787;             ;            ;;0;2021-08-29;79875.5;83850.0
1710618062;             ;         3  ;C;3.0;2024-03-16;79875.5;83850.0
1662438593;             ;         4  ;C;4.0;2022-09-06;79875.5;83850.0
1673791227;             ;         3  ;C;3.0;2023-01-15;79875.5;83850.0
1740393342;             ;         3  ;C;3.0;2025-02-24;79875.5;83850.0
1756833982;             ;        18  ;C;18.0;2025-09-02;79875.5;83850.0
1689494465;          3  ;            ;P;3.0;2023-07-16;79875.5;83850.0
1637100091;             ;            ;;0;2021-11-16;79875.5;83850.0
1705569276;          3  ;         1.5;P+C;4.5;2024-01-18;79875.5;83850.0
1664993347;             ;         3.5;C;3.5;2022-10-05;79875.5;83850.0
1669463885;             ;         1.5;C;1.5;2022-11-26;79875.5;83850.0
1726970546;             ;            ;;0;2024-09-22;79875.5;83850.0
1755032259;             ;         3  ;C;3.0;2025-08-12;79875.5;83850.0
1754053244;          3  ;         3  ;P+C;6.0;2025-08-01;79875.5;83850.0
1760241083;             ;         4  ;C;4.0;2025-10-12;79875.5;83850.0
1666674750;          1.5;        14.5;P+C;16.0;2022-10-25;79875.5;83850.0
1728261383;             ;         4  ;C;4.0;2024-10-07;79875.5;83850.0
1687624166;             ;            ;;0;2023-06-24;79875.5;83850.0
1705066080;             ;         3  ;C;3.0;2024-01-12;79875.5;83850.0
1727102596;             ;         4  ;C;4.0;2024-09-23;79875.5;83850.0
1667399055;             ;         3  ;C;3.0;2022-11-02;79875.5;83850.0
1673484176;          3  ;        14  ;P+C;17.0;2023-01-12;79875.5;83850.0
1638978328;          4  ;         1.5;P+C;5.5;2021-12-08;79875.5;83850.0
1695255064;             ;            ;;0;2023-09-21;79875.5;83850.0
1640385477;             ;         4  ;C;4.0;2021-12-24;79875.5;83850.0
1721198132;             ;         1.5;C;1.5;2024-07-17;79875.5;83850.0
1706414003;             ;         1.5;C;1.5;2024-01-28;79875.5;83850.0
1680976470;             ;         3  ;C;3.0;2023-04-08;79875.5;83850.0
1701163832;             ;            ;;0;2023-11-28;79875.5;83850.0
1688533702;             ;            ;;0;2023-07-05;79875.5;83850.0
1647562332;             ;         1.5;C;1.5;2022-03-18;79875.5;83850.0
1672458742;             ;            ;;0;2022-12-31;79875.5;83850.0
1657785326;             ;         3  ;C;3.0;2022-07-14;79875.5;83850.0
1753830966;             ;            ;;0;2025-07-30;79875.5;83850.0
1645309699;             ;            ;;0;2022-02-19;79875.5;83850.0
1643424959;             ;            ;;0;2022-01-29;79875.5;83850.0
1750049458;             ;         1.5;C;1.5;2025-06-16;79875.5;83850.0
1645516601;             ;            ;;0;2022-02-22;79875.5;83850.0
1711560073;             ;        19  ;C;19.0;2024-03-27;79875.5;83850.0
1714414525;             ;         6  ;C;6.0;2024-04-29;79875.5;83850.0
1669554619;         14  ;         3  ;P+C;17.0;2022-11-27;79875.5;83850.0
1648863805;             ;         3  ;C;3.0;2022-04-02;79875.5;83850.0
1671275340;             ;            ;;0;2022-12-17;79875.5;83850.0
1639866179;             ;         3  ;C;3.0;2021-12-18;79875.5;83850.0
1754893396;             ;        12  ;C;12.0;2025-08-11;79875.5;83850.0
1644512941;             ;            ;;0;2022-02-10;79875.5;83850.0
1661132162;             ;        16  ;C;16.0;2022-08-22;79875.5;83850.0
1707776316;             ;            ;;0;2024-02-12;79875.5;83850.0
1709300086;             ;         3  ;C;3.0;2024-03-01;79875.5;83850.0
1727276792;             ;         6  ;C;6.0;2024-09-25;79875.5;83850.0
1692767739;             ;         5.5;C;5.5;2023-08-23;79875.5;83850.0
1738094260;             ;         1.5;C;1.5;2025-01-28;79875.5;83850.0
1668528946;          3  ;            ;P;3.0;2022-11-15;79875.5;83850.0
1731601603;             ;         3  ;C;3.0;2024-11-14;79875.5;83850.0
1726106426;             ;        21  ;C;21.0;2024-09-12;79875.5;83850.0
1714494467;             ;            ;;0;2024-04-30;79875.5;83850.0
1738496762;             ;         3  ;C;3.0;2025-02-02;79875.5;83850.0
1677679733;             ;         4  ;C;4.0;2023-03-01;79875.5;83850.0
1675212164;          1.5;         3  ;P+C;4.5;2023-02-01;79875.5;83850.0
1654494415;          1.5;            ;P;1.5;2022-06-06;79875.5;83850.0
1664433200;             ;         1.5;C;1.5;2022-09-29;79875.5;83850.0
1724076483;             ;         3  ;C;3.0;2024-08-19;79875.5;83850.0
1737484371;             ;         3  ;C;3.0;2025-01-21;79875.5;83850.0
1681422507;             ;        20  ;C;20.0;2023-04-13;79875.5;83850.0
1661409083;             ;         3  ;C;3.0;2022-08-25;79875.5;83850.0
1630835631;             ;        15  ;C;15.0;2021-09-05;79875.5;83850.0
1713902233;          3  ;         3  ;P+C;6.0;2024-04-23;79875.5;83850.0
1624655213;             ;         4  ;C;4.0;2021-06-25;79875.5;83850.0
1695813388;             ;         3  ;C;3.0;2023-09-27;79875.5;83850.0
1666912560;             ;         3  ;C;3.0;2022-10-28;79875.5;83850.0
1758336680;          3  ;        10  ;P+C;13.0;2025-09-20;79875.5;83850.0
1742457145;             ;         3  ;C;3.0;2025-03-20;79875.5;83850.0
1721998338;             ;            ;;0;2024-07-26;79875.5;83850.0
1707859220;             ;            ;;0;2024-02-13;79875.5;83850.0
1753029044;          1.5;         1.5;P+C;3.0;2025-07-20;79875.5;83850.0
1739297222;          3  ;        13  ;P+C;16.0;2025-02-11;79875.5;83850.0
1708357571;          6  ;         5  ;P+C;11.0;2024-02-19;79875.5;83850.0
1749604695;          3  ;         5  ;P+C;8.0;2025-06-11;79875.5;83850.0
1664175553;          3  ;         3  ;P+C;6.0;2022-09-26;79875.5;83850.0
1693772318;             ;         3  ;C;3.0;2023-09-03;79875.5;83850.0
1707017724;             ;            ;;0;2024-02-04;79875.5;83850.0
1655908368;             ;            ;;0;2022-06-22;79875.5;83850.0
1662637530;             ;         3  ;C;3.0;2022-09-08;79875.5;83850.0
1647770837;             ;         5  ;C;5.0;2022-03-20;79875.5;83850.0
1652884164;             ;         1.5;C;1.5;2022-05-18;79875.5;83850.0
1671190470;             ;         1.5;C;1.5;2022-12-16;79875.5;83850.0
1762122295;             ;            ;;0;2025-11-02;79875.5;83850.0
1723804210;          3  ;            ;P;3.0;2024-08-16;79875.5;83850.0
1626666222;             ;         3  ;C;3.0;2021-07-19;79875.5;83850.0
1761146342;             ;            ;;0;2025-10-22;79875.5;83850.0
1699645512;             ;         3  ;C;3.0;2023-11-10;79875.5;83850.0
1697402208;             ;         3  ;C;3.0;2023-10-15;79875.5;83850.0
1673908019;             ;         3  ;C;3.0;2023-01-16;79875.5;83850.0
1741662046;             ;         3  ;C;3.0;2025-03-11;79875.5;83850.0
1760117566;             ;         3  ;C;3.0;2025-10-10;79875.5;83850.0
1735566674;             ;            ;;0;2024-12-30;79875.5;83850.0
1745024036;             ;            ;;0;2025-04-19;79875.5;83850.0
1681958055;             ;         1.5;C;1.5;2023-04-20;79875.5;83850.0
1626459478;             ;         1.5;C;1.5;2021-07-16;79875.5;83850.0
1721622750;          3  ;         3  ;P+C;6.0;2024-07-22;79875.5;83850.0
1651725016;             ;         1.5;C;1.5;2022-05-05;79875.5;83850.0
1702032128;             ;         1.5;C;1.5;2023-12-08;79875.5;83850.0
1722744307;             ;         3  ;C;3.0;2024-08-04;79875.5;83850.0
1710909677;             ;            ;;0;2024-03-20;79875.5;83850.0
1676111719;             ;         4  ;C;4.0;2023-02-11;79875.5;83850.0
1643838801;          3  ;         3  ;P+C;6.0;2022-02-02;79875.5;83850.0
1740950208;             ;            ;;0;2025-03-02;79875.5;83850.0
1713234415;          4  ;         4  ;P+C;8.0;2024-04-16;79875.5;83850.0
1750860580;          5  ;            ;P;5.0;2025-06-25;79875.5;83850.0
1671937865;             ;         1.5;C;1.5;2022-12-25;79875.5;83850.0
1659778760;             ;         3  ;C;3.0;2022-08-06;79875.5;83850.0
1677553239;          5  ;         3  ;P+C;8.0;2023-02-28;79875.5;83850.0
1684227194;             ;         3  ;C;3.0;2023-05-16;79875.5;83850.0
1688980690;             ;         4  ;C;4.0;2023-07-10;79875.5;83850.0
1714692087;             ;            ;;0;2024-05-03;79875.5;83850.0
1663947406;             ;            ;;0;2022-09-23;79875.5;83850.0
1759417006;          1.5;        12  ;P+C;13.5;2025-10-02;79875.5;83850.0
1765762338;             ;         3  ;C;3.0;2025-12-15;79875.5;83850.0
1666503897;             ;            ;;0;2022-10-23;79875.5;83850.0
1752568548;             ;         4  ;C;4.0;2025-07-15;79875.5;83850.0
1703146166;             ;         3  ;C;3.0;2023-12-21;79875.5;83850.0
1634575223;             ;         3  ;C;3.0;2021-10-18;79875.5;83850.0
1704239478;             ;        11  ;C;11.0;2024-01-03;79875.5;83850.0
1628424672;             ;         4  ;C;4.0;2021-08-08;79875.5;83850.0
1634831045;          4.5;        13  ;P+C;17.5;2021-10-21;79875.5;83850.0
1663231228;             ;         3  ;C;3.0;2022-09-15;79875.5;83850.0
1737338012;          3  ;         4  ;P+C;7.0;2025-01-20;79875.5;83850.0
1734851765;             ;         3  ;C;3.0;2024-12-22;79875.5;83850.0
1753929648;             ;            ;;0;2025-07-31;79875.5;83850.0
1691843414;          3  ;         4  ;P+C;7.0;2023-08-12;79875.5;83850.0
1696092435;          3  ;         1.5;P+C;4.5;2023-09-30;79875.5;83850.0
1683972367;             ;         3  ;C;3.0;2023-05-13;79875.5;83850.0
1652440931;             ;         3  ;C;3.0;2022-05-13;79875.5;83850.0
1634544289;         13  ;            ;P;13.0;2021-10-18;79875.5;83850.0
1673109892;             ;            ;;0;2023-01-07;79875.5;83850.0
1639323875;          3  ;         3  ;P+C;6.0;2021-12-12;79875.5;83850.0
1632994367;          3  ;         4  ;P+C;7.0;2021-09-30;79875.5;83850.0
1626923697;             ;         3  ;C;3.0;2021-07-22;79875.5;83850.0
1751052865;          3  ;         3  ;P+C;6.0;2025-06-27;79875.5;83850.0
1637908728;             ;         4  ;C;4.0;2021-11-26;79875.5;83850.0
1739970316;             ;        13  ;C;13.0;2025-02-19;79875.5;83850.0
1744340791;             ;            ;;0;2025-04-11;79875.5;83850.0
1627331412;             ;            ;;0;2021-07-26;79875.5;83850.0
1672357313;             ;         6  ;C;6.0;2022-12-30;79875.5;83850.0
1694470008;             ;         1.5;C;1.5;2023-09-12;79875.5;83850.0
1732794853;             ;         1.5;C;1.5;2024-11-28;79875.5;83850.0
1747882382;             ;            ;;0;2025-05-22;79875.5;83850.0
1623267211;          4  ;         4  ;P+C;8.0;2021-06-09;79875.5;83850.0
1748363500;             ;            ;;0;2025-05-27;79875.5;83850.0
1686672448;             ;         1.5;C;1.5;2023-06-13;79875.5;83850.0
1675157338;             ;         1.5;C;1.5;2023-01-31;79875.5;83850.0
1717432180;         13  ;         1.5;P+C;14.5;2024-06-03;79875.5;83850.0
1695765254;             ;            ;;0;2023-09-26;79875.5;83850.0
1721343954;          4  ;         3  ;P+C;7.0;2024-07-19;79875.5;83850.0
1698798691;             ;         4  ;C;4.0;2023-11-01;79875.5;83850.0
1730057901;             ;         3  ;C;3.0;2024-10-27;79875.5;83850.0
1736580880;             ;            ;;0;2025-01-11;79875.5;83850.0
1636447754;             ;         3  ;C;3.0;2021-11-09;79875.5;83850.0
1720501866;             ;            ;;0;2024-07-09;79875.5;83850.0
1744697533;             ;         4  ;C;4.0;2025-04-15;79875.5;83850.0
1709978889;          4  ;         5.5;P+C;9.5;2024-03-09;79875.5;83850.0
1720454957;             ;            ;;0;2024-07-08;79875.5;83850.0
1706450915;             ;         1.5;C;1.5;2024-01-28;79875.5;83850.0
1647670631;          3  ;         3  ;P+C;6.0;2022-03-19;79875.5;83850.0
1625909371;             ;         3  ;C;3.0;2021-07-10;79875.5;83850.0
1689378211;         11  ;         3  ;P+C;14.0;2023-07-15;79875.5;83850.0
1649133789;             ;         3  ;C;3.0;2022-04-05;79875.5;83850.0
1707424642;             ;         3  ;C;3.0;2024-02-08;79875.5;83850.0
1696620756;             ;            ;;0;2023-10-06;79875.5;83850.0
1653251149;             ;            ;;0;2022-05-22;79875.5;83850.0
1631292900;          4  ;            ;P;4.0;2021-09-10;79875.5;83850.0
1668770007;             ;         1.5;C;1.5;2022-11-18;79875.5;83850.0
1722874295;         16.5;         5  ;P+C;21.5;2024-08-05;79875.5;83850.0
1763079616;          4  ;         3  ;P+C;7.0;2025-11-14;79875.5;83850.0
1671509882;             ;         3  ;C;3.0;2022-12-20;79875.5;83850.0
1720280601;             ;         3  ;C;3.0;2024-07-06;79875.5;83850.0
1700243047;         14  ;         3  ;P+C;17.0;2023-11-17;79875.5;83850.0
1666458042;             ;         3  ;C;3.0;2022-10-22;79875.5;83850.0
1767746749;             ;         3  ;C;3.0;2026-01-07;79875.5;83850.0
1687252762;             ;         5  ;C;5.0;2023-06-20;79875.5;83850.0
1699646577;             ;         3  ;C;3.0;2023-11-10;79875.5;83850.0
1764659116;             ;         4  ;C;4.0;2025-12-02;79875.5;83850.0
1656765544;          1.5;            ;P;1.5;2022-07-02;79875.5;83850.0
1732179876;         18.5;            ;P;18.5;2024-11-21;79875.5;83850.0
1744678816;             ;            ;;0;2025-04-15;79875.5;83850.0
1662628505;             ;         3  ;C;3.0;2022-09-08;79875.5;83850.0
1703769605;             ;         3  ;C;3.0;2023-12-28;79875.5;83850.0
1760968010;             ;         1.5;C;1.5;2025-10-20;79875.5;83850.0
1753536857;          4  ;         4  ;P+C;8.0;2025-07-26;79875.5;83850.0
1736657286;             ;         1.5;C;1.5;2025-01-12;79875.5;83850.0
1705545983;             ;         5  ;C;5.0;2024-01-18;79875.5;83850.0
1753824324;             ;         1.5;C;1.5;2025-07-29;79875.5;83850.0
1717373275;          3  ;            ;P;3.0;2024-06-03;79875.5;83850.0
1764957201;             ;         1.5;C;1.5;2025-12-05;79875.5;83850.0
1667151774;             ;            ;;0;2022-10-30;79875.5;83850.0
1762479871;             ;            ;;0;2025-11-07;79875.5;83850.0
1633419000;             ;         1.5;C;1.5;2021-10-05;79875.5;83850.0
1715574024;             ;         3  ;C;3.0;2024-05-13;79875.5;83850.0
1693379555;          3  ;         1.5;P+C;4.5;2023-08-30;79875.5;83850.0
1687818301;             ;         1.5;C;1.5;2023-06-27;79875.5;83850.0
1662035565;             ;         3  ;C;3.0;2022-09-01;79875.5;83850.0
1635467040;             ;            ;;0;2021-10-29;79875.5;83850.0
1645590040;             ;         3  ;C;3.0;2022-02-23;79875.5;83850.0
1739782595;          3  ;            ;P;3.0;2025-02-17;79875.5;83850.0
1647273283;             ;         4  ;C;4.0;2022-03-14;79875.5;83850.0
1723464820;          1.5;            ;P;1.5;2024-08-12;79875.5;83850.0
1640303907;             ;         1.5;C;1.5;2021-12-24;79875.5;83850.0
1687092795;             ;         1.5;C;1.5;2023-06-18;79875.5;83850.0
1754035764;             ;         3  ;C;3.0;2025-08-01;79875.5;83850.0
1709495492;             ;         3  ;C;3.0;2024-03-03;79875.5;83850.0
1763750220;             ;         3  ;C;3.0;2025-11-21;79875.5;83850.0
1751788223;             ;         4  ;C;4.0;2025-07-06;79875.5;83850.0
1723655625;             ;        10  ;C;10.0;2024-08-14;79875.5;83850.0
1726466450;          3  ;         3  ;P+C;6.0;2024-09-16;79875.5;83850.0
1698340545;          3  ;            ;P;3.0;2023-10-26;79875.5;83850.0
1739446593;             ;         3  ;C;3.0;2025-02-13;79875.5;83850.0
1753374823;             ;         3  ;C;3.0;2025-07-24;79875.5;83850.0
1736366300;             ;         1.5;C;1.5;2025-01-08;79875.5;83850.0
1641081538;             ;         3  ;C;3.0;2022-01-02;79875.5;83850.0
1699981964;             ;            ;;0;2023-11-14;79875.5;83850.0
